,id
0,f0eb3656-9855-4cee-aebc-bdc878a695fb
1,c996e494-fa6e-44fc-b2ac-7067fa0b64c8
2,1b8b48ac-32fe-41eb-b072-23f04c50f386
3,fadbc85e-cb89-4c76-bd71-885ca4489a1c
4,79248a76-abef-44bd-bf2e-50c23bf12f39
5,0fdddfe6-e74b-4478-aa07-84396688537e
6,4848371d-7b0e-4b15-834b-22435400f45b
7,10139265-76aa-404a-9c8d-5336548cc260
8,c1e26101-28d5-4552-b19d-45c27719d434
9,56d4daf1-e1df-43e6-aebd-cd7b36a8f52a
10,56d14114-a3b4-4665-8ea4-934fbd01d745
11,bd60027b-1436-4f98-ac5b-0ca168a355aa
12,d71ed9c6-7139-4b73-bba9-9fae97eac097
